ECEF-X,ECEF-Y,ECEF-Z,Speed(m/s)
3361362.54557446,4619069.27174542,2827049.52629306,0.166666666666667
3378888.38361968,4732221.88388518,2612246.49138651,0.166666666666667
