ECEF-X,ECEF-Y,ECEF-Z,Speed(m/s)
3243053.36099133,4695505.23432767,2839214.51505212,0.166666666666667
3291217.90782458,4704408.52192311,2768645.12400306,0.166666666666667
