ECEF-X,ECEF-Y,ECEF-Z,Speed(m/s)
3357712.82543453,4618045.16397945,2833013.25047631,0.166666666666667
3377248.10661215,4731053.80488689,2616451.66882753,0.166666666666667
