ECEF-X,ECEF-Y,ECEF-Z,Speed(m/s)
3244606.61932368,4694106.49834227,2839749.13971281,0.166666666666667
3284964.41659938,4751376.3762024,2695384.90530735,0.166666666666667
