ECEF-X,ECEF-Y,ECEF-Z,Speed(m/s)
3376702.51207451,4666561.52274586,2729742.83723146,0.166666666666667
3359666.2067983,4732807.91531037,2635713.30500593,0.166666666666667
