ECEF-X,ECEF-Y,ECEF-Z,Speed(m/s)
3386429.5849506,4663963.95426058,2722172.90064802,0.166666666666667
3371556.33565436,4727329.08189165,2630393.28803823,0.166666666666667
