ECEF-X,ECEF-Y,ECEF-Z,Speed(m/s)
3308586.51297339,4693683.82039199,2766161.74428043,0.166666666666667
3281913.67502221,4749015.89536285,2703197.16090801,0.166666666666667
