ECEF-X,ECEF-Y,ECEF-Z,Speed(m/s)
3318237.97648749,4692062.37073118,2757396.78683924,0.166666666666667
3288353.98120591,4747713.72894267,2697689.22644219,0.166666666666667
