ECEF-X,ECEF-Y,ECEF-Z,Speed(m/s)
3313809.05946074,4693366.39090997,2760481.17836891,0.166666666666667
3278193.55620336,4750894.75416331,2704401.30049562,0.166666666666667
