ECEF-X,ECEF-Y,ECEF-Z,Speed(m/s)
3381389.51764331,4665119.32215291,2726426.38815058,0.166666666666667
3363732.78759398,4735448.22429838,2625832.18151359,0.166666666666667
